itp,its
43,60
44,66
46,72
48,77
49,83
51,89
52,95
53,100
55,106
56,112
57,118
58,123
59,129
60,135
60,141
61,146
62,152
63,158
64,164
64,169
65,175
66,181
66,187
67,192
67,198
68,204
69,210
69,215
70,221
70,227
71,233
71,238
72,244
72,250
73,256
73,261
74,267
74,273
74,279
75,284
75,290
76,296
76,302
77,307
77,313
77,319
78,325
78,330
78,336
79,342
79,348
79,353
80,359
80,365
80,371
81,376
81,382
81,388
82,394
82,399
82,405
83,411
83,417
83,422
84,428
84,434
84,440
84,445
85,451
85,457
85,463
86,468
86,474
86,480
86,486
87,491
87,497
87,503
87,509
88,514
88,520
88,526
88,532
89,537
89,543
89,549
89,555
90,560
90,566
90,572
90,578
90,583
91,589
91,595
91,601
91,606
42,54
42,54
43,60
45,66
46,71
48,77
49,83
51,89
52,95
53,100
54,106
55,112
56,118
57,124
58,129
59,135
60,141
60,147
61,153
62,158
63,164
63,170
64,176
65,182
65,187
66,193
66,199
67,205
68,210
68,216
69,222
69,228
70,234
70,239
71,245
71,251
72,257
72,263
73,268
73,274
74,280
74,286
75,292
75,297
75,303
76,309
76,315
77,321
77,326
77,332
78,338
78,344
79,350
79,355
79,361
80,367
80,373
80,379
81,384
81,390
81,396
82,402
82,407
82,413
83,419
83,425
83,431
84,436
84,442
84,448
84,454
85,460
85,465
85,471
86,477
86,483
86,489
87,494
87,500
87,506
87,512
88,518
88,523
88,529
88,535
89,541
89,547
89,552
89,558
90,564
90,570
90,575
90,581
91,587
91,593
91,599
45,68
42,62
42,62
45,68
47,73
48,79
50,85
51,91
53,96
54,102
55,108
56,114
57,119
58,125
59,131
60,137
61,142
62,148
63,154
63,160
64,165
65,171
65,177
66,182
67,188
67,194
68,200
69,205
69,211
70,217
70,223
71,228
71,234
72,240
72,246
73,251
73,257
74,263
74,269
75,274
75,280
76,286
76,292
76,297
77,303
77,309
78,314
78,320
78,326
79,332
79,337
79,343
80,349
80,355
81,360
81,366
81,372
82,378
82,383
82,389
82,395
83,401
83,406
83,412
84,418
84,424
84,429
85,435
85,441
85,446
85,452
86,458
86,464
86,469
87,475
87,481
87,487
87,492
88,498
88,504
88,510
88,515
89,521
89,527
89,533
89,538
90,544
90,550
90,556
90,561
91,567
91,573
91,578
91,584
92,590
92,596
47,76
45,70
44,64
44,64
45,70
47,76
49,81
50,87
51,93
53,98
54,104
55,110
56,115
57,121
58,127
59,132
60,138
61,144
61,149
62,155
63,161
64,166
64,172
65,178
66,183
66,189
67,195
68,200
68,206
69,212
69,217
70,223
70,229
71,234
71,240
72,246
72,251
73,257
73,263
74,268
74,274
75,280
75,285
76,291
76,297
76,302
77,308
77,314
78,319
78,325
78,331
79,336
79,342
80,348
80,353
80,359
81,365
81,370
81,376
82,382
82,387
82,393
83,399
83,404
83,410
84,415
84,421
84,427
85,432
85,438
85,444
85,449
86,455
86,461
86,466
87,472
87,478
87,483
87,489
88,495
88,500
88,506
89,512
89,517
89,523
89,529
90,534
90,540
90,546
90,551
91,557
91,563
91,568
91,574
92,580
92,585
49,83
47,77
45,72
43,66
43,66
45,72
47,77
49,83
50,89
51,94
53,100
54,106
55,111
56,117
57,122
58,128
59,134
60,139
61,145
62,151
62,156
63,162
64,168
65,173
65,179
66,184
67,190
67,196
68,201
68,207
69,213
70,218
70,224
71,229
71,235
72,241
72,246
73,252
73,258
74,263
74,269
75,275
75,280
76,286
76,291
77,297
77,303
77,308
78,314
78,320
79,325
79,331
79,336
80,342
80,348
80,353
81,359
81,365
82,370
82,376
82,381
83,387
83,393
83,398
84,404
84,410
84,415
85,421
85,427
85,432
85,438
86,443
86,449
86,455
87,460
87,466
87,472
88,477
88,483
88,488
88,494
89,500
89,505
89,511
89,517
90,522
90,528
90,534
90,539
91,545
91,550
91,556
91,562
92,567
92,573
92,579
50,94
48,89
47,83
45,78
43,72
43,72
45,78
47,83
48,89
50,94
51,100
52,106
54,111
55,117
56,123
57,128
58,134
59,139
59,145
60,151
61,156
62,162
63,167
63,173
64,179
65,184
65,190
66,195
67,201
67,207
68,212
69,218
69,223
70,229
70,235
71,240
71,246
72,251
72,257
73,263
73,268
74,274
74,279
75,285
75,291
76,296
76,302
76,307
77,313
77,319
78,324
78,330
78,335
79,341
79,347
80,352
80,358
80,363
81,369
81,375
81,380
82,386
82,391
82,397
83,403
83,408
83,414
84,419
84,425
84,431
85,436
85,442
85,448
86,453
86,459
86,464
86,470
87,476
87,481
87,487
88,492
88,498
88,504
88,509
89,515
89,520
89,526
89,532
90,537
90,543
90,548
90,554
91,560
91,565
91,571
91,576
51,99
50,93
48,88
47,82
45,76
43,71
43,71
45,76
47,82
48,88
50,93
51,99
52,105
54,110
55,116
56,122
57,127
58,133
59,139
59,145
60,150
61,156
62,162
63,167
63,173
64,179
65,184
65,190
66,196
67,201
67,207
68,213
68,219
69,224
69,230
70,236
70,241
71,247
71,253
72,258
72,264
73,270
73,275
74,281
74,287
75,293
75,298
76,304
76,310
76,315
77,321
77,327
78,332
78,338
78,344
79,349
79,355
79,361
80,366
80,372
80,378
81,384
81,389
81,395
82,401
82,406
82,412
83,418
83,423
83,429
84,435
84,440
84,446
84,452
85,458
85,463
85,469
86,475
86,480
86,486
86,492
87,497
87,503
87,509
87,514
88,520
88,526
88,531
89,537
89,543
89,549
89,554
89,560
90,566
90,571
90,577
51,94
49,88
48,83
46,77
45,71
43,66
41,60
41,60
43,66
45,71
46,77
48,83
49,88
51,94
52,100
53,106
54,111
55,117
56,123
57,128
58,134
59,140
60,145
61,151
61,157
62,163
63,168
64,174
64,180
65,185
66,191
66,197
67,203
67,208
68,214
68,220
69,225
69,231
70,237
70,242
71,248
71,254
72,260
72,265
73,271
73,277
74,282
74,288
74,294
75,300
75,305
76,311
76,317
76,322
77,328
77,334
77,340
78,345
78,351
79,357
79,362
79,368
79,374
80,379
80,385
80,391
81,397
81,402
81,408
82,414
82,419
82,425
82,431
83,437
83,442
83,448
84,454
84,459
84,465
84,471
85,477
85,482
85,488
85,494
86,499
86,505
86,511
86,516
87,522
87,528
87,534
87,539
87,545
88,551
88,556
88,562
53,113
52,108
50,102
49,96
48,91
47,85
45,80
43,74
43,74
45,80
47,85
48,91
49,96
50,102
52,108
53,113
54,119
55,124
56,130
57,135
57,141
58,146
59,152
60,157
61,163
61,168
62,174
63,179
64,185
64,190
65,196
66,202
66,207
67,213
67,218
68,224
69,229
69,235
70,240
70,246
71,251
71,257
72,262
72,268
73,273
73,279
74,285
74,290
75,296
75,301
75,307
76,312
76,318
77,323
77,329
77,334
78,340
78,345
79,351
79,356
79,362
80,367
80,373
81,379
81,384
81,390
82,395
82,401
82,406
83,412
83,417
83,423
84,428
84,434
84,439
85,445
85,450
85,456
85,462
86,467
86,473
86,478
87,484
87,489
87,495
88,500
88,506
88,511
88,517
89,522
89,528
89,533
89,539
90,544
90,550
90,556
56,120
55,113
54,105
53,98
52,90
50,83
49,76
46,68
43,61
43,64
45,70
47,76
48,82
50,87
51,93
52,99
53,104
54,110
55,116
56,122
57,127
58,133
59,139
60,144
61,150
62,156
62,161
63,167
64,173
65,179
65,184
66,190
67,196
67,201
68,207
68,213
69,219
70,224
70,230
71,236
71,241
72,247
72,253
73,259
73,264
74,270
74,276
75,281
75,287
75,293
76,299
76,304
77,310
77,316
77,321
78,327
78,333
79,339
79,344
79,350
80,356
80,361
80,367
81,373
81,379
81,384
82,390
82,396
82,401
83,407
83,413
83,419
84,424
84,430
84,436
85,441
85,447
85,453
85,459
86,464
86,470
86,476
87,481
87,487
87,493
87,498
88,504
88,510
88,516
88,521
89,527
89,533
89,538
89,544
90,550
90,556
54,112
53,106
53,101
52,95
51,90
50,84
49,79
47,73
45,68
41,62
42,61
43,66
45,72
47,78
48,84
49,89
51,95
52,101
53,106
54,112
55,118
56,124
57,129
58,135
59,141
60,146
60,152
61,158
62,163
63,169
63,175
64,181
65,186
65,192
66,198
67,203
67,209
68,215
68,221
69,226
69,232
70,238
70,243
71,249
71,255
72,260
72,266
73,272
73,278
74,283
74,289
75,295
75,300
76,306
76,312
76,318
77,323
77,329
78,335
78,340
78,346
79,352
79,357
79,363
80,369
80,375
80,380
81,386
81,392
81,397
82,403
82,409
82,415
83,420
83,426
83,432
84,437
84,443
84,449
84,454
85,460
85,466
85,472
86,477
86,483
86,489
86,494
87,500
87,506
87,512
87,517
88,523
88,529
88,534
88,540
89,546
56,121
55,115
54,108
53,102
52,95
51,89
50,82
48,76
46,69
44,63
41,56
42,62
44,68
46,74
47,80
49,85
50,91
51,97
52,102
53,108
55,114
56,120
57,125
58,131
58,137
59,143
60,148
61,154
62,160
63,165
63,171
64,177
65,183
66,188
66,194
67,200
67,205
68,211
69,217
69,223
70,228
70,234
71,240
72,246
72,251
73,257
73,263
74,268
74,274
75,280
75,286
76,291
76,297
76,303
77,308
77,314
78,320
78,326
79,331
79,337
79,343
80,349
80,354
81,360
81,366
81,371
82,377
82,383
82,389
83,394
83,400
83,406
84,411
84,417
84,423
85,429
85,434
85,440
86,446
86,452
86,457
87,463
87,469
87,474
88,480
88,486
88,492
88,497
89,503
89,509
89,514
89,520
90,526
90,532
90,537
91,543
58,124
57,118
57,112
56,106
55,100
53,94
52,89
51,83
49,77
47,71
44,65
41,59
43,69
44,75
46,80
48,86
49,92
51,97
52,103
53,108
54,114
55,119
56,125
57,131
58,136
59,142
60,147
61,153
62,158
63,164
64,170
64,175
65,181
66,186
67,192
67,198
68,203
68,209
69,214
70,220
70,225
71,231
71,237
72,242
73,248
73,253
74,259
74,264
75,270
75,276
76,281
76,287
76,292
77,298
77,303
78,309
78,315
79,320
79,326
79,331
80,337
80,343
81,348
81,354
81,359
82,365
82,370
82,376
83,382
83,387
83,393
84,398
84,404
84,409
85,415
85,421
85,426
86,432
86,437
86,443
86,448
87,454
87,460
87,465
88,471
88,476
88,482
88,488
89,493
89,499
89,504
90,510
90,515
90,521
90,527
91,532
60,137
59,131
58,125
57,119
56,113
54,106
53,100
52,94
50,88
48,82
46,76
44,70
41,63
42,66
43,71
45,77
47,82
48,88
49,94
51,99
52,105
53,110
54,116
55,122
56,127
57,133
58,138
59,144
60,149
61,155
62,161
62,166
63,172
64,177
65,183
65,189
66,194
67,200
67,205
68,211
68,216
69,222
70,228
70,233
71,239
71,244
72,250
72,256
73,261
73,267
74,272
74,278
74,283
75,289
75,295
76,300
76,306
77,311
77,317
77,323
78,328
78,334
78,339
79,345
79,350
79,356
80,362
80,367
80,373
81,378
81,384
81,390
82,395
82,401
82,406
83,412
83,417
83,423
84,429
84,434
84,440
84,445
85,451
85,457
85,462
85,468
86,473
86,479
86,484
86,490
87,496
87,501
87,507
87,512
88,518
88,524
59,143
58,136
58,130
57,124
56,118
55,111
54,105
52,99
51,93
50,87
48,80
46,74
44,68
41,62
41,59
43,65
44,71
46,76
47,82
49,88
50,94
51,100
52,105
53,111
54,117
55,123
56,128
57,134
58,140
59,146
60,152
61,157
62,163
62,169
63,175
64,180
64,186
65,192
66,198
66,204
67,209
68,215
68,221
69,227
69,232
70,238
70,244
71,250
71,256
72,261
72,267
73,273
73,279
74,284
74,290
75,296
75,302
75,308
76,313
76,319
77,325
77,331
77,336
78,342
78,348
79,354
79,360
79,365
80,371
80,377
80,383
81,388
81,394
81,400
82,406
82,412
82,417
82,423
83,429
83,435
83,440
84,446
84,452
84,458
84,464
85,469
85,475
85,481
85,487
86,492
86,498
86,504
86,510
87,516
87,521
87,527
58,133
57,128
56,122
55,117
54,112
53,107
52,102
51,96
50,91
49,86
47,81
46,75
44,70
42,65
41,60
41,57
43,63
45,69
46,74
48,80
49,86
51,92
52,97
53,103
54,109
55,115
56,120
57,126
58,132
59,138
60,143
61,149
62,155
63,161
64,167
64,172
65,178
66,184
66,190
67,195
68,201
68,207
69,213
69,218
70,224
71,230
71,236
72,241
72,247
73,253
73,259
74,264
74,270
75,276
75,282
75,287
76,293
76,299
77,305
77,310
77,316
78,322
78,328
79,333
79,339
79,345
80,351
80,356
80,362
81,368
81,374
81,380
82,385
82,391
82,397
83,403
83,408
83,414
83,420
84,426
84,431
84,437
84,443
85,449
85,454
85,460
86,466
86,472
86,477
86,483
86,489
87,495
87,500
87,506
87,512
88,518
60,152
60,146
59,141
58,135
57,130
56,124
55,119
54,113
53,108
52,102
51,97
49,91
48,86
46,80
43,75
41,69
41,63
43,68
45,74
46,80
48,86
49,91
50,97
51,103
53,108
54,114
55,120
56,126
57,131
58,137
59,143
60,149
61,154
61,160
62,166
63,171
64,177
65,183
65,189
66,194
67,200
67,206
68,212
68,217
69,223
70,229
70,235
71,240
71,246
72,252
72,257
73,263
73,269
74,275
74,280
75,286
75,292
76,298
76,303
77,309
77,315
78,320
78,326
78,332
79,338
79,343
79,349
80,355
80,361
81,366
81,372
81,378
82,383
82,389
82,395
83,401
83,406
83,412
84,418
84,424
84,429
85,435
85,441
85,447
85,452
86,458
86,464
86,469
87,475
87,481
87,487
87,492
88,498
88,504
88,510
88,515
61,158
61,152
60,147
59,141
59,136
58,130
57,124
56,119
55,113
54,108
53,102
52,97
51,91
49,85
47,80
45,74
41,69
42,60
44,66
45,71
47,77
48,83
49,89
51,95
52,100
53,106
54,112
55,118
56,123
57,129
58,135
59,141
60,147
61,152
62,158
62,164
63,170
64,176
65,181
65,187
66,193
67,199
67,205
68,210
69,216
69,222
70,228
70,234
71,239
71,245
72,251
73,257
73,262
74,268
74,274
75,280
75,286
76,291
76,297
76,303
77,309
77,315
78,320
78,326
79,332
79,338
79,344
80,349
80,355
81,361
81,367
81,372
82,378
82,384
82,390
83,396
83,401
83,407
84,413
84,419
84,425
85,430
85,436
85,442
86,448
86,454
86,459
87,465
87,471
87,477
88,482
88,488
88,494
88,500
89,506
89,511
63,167
62,161
61,155
60,149
60,143
59,137
58,131
57,125
56,118
55,112
53,106
52,100
51,94
49,88
47,82
46,76
43,70
41,64
40,62
42,68
43,73
45,79
46,85
48,91
49,96
51,102
52,108
53,113
54,119
55,125
56,130
57,136
58,142
59,147
60,153
61,159
61,164
62,170
63,176
64,181
64,187
65,193
66,199
66,204
67,210
68,216
68,221
69,227
69,233
70,238
71,244
71,250
72,255
72,261
73,267
73,272
74,278
74,284
74,289
75,295
75,301
76,307
76,312
77,318
77,324
77,329
78,335
78,341
78,346
79,352
79,358
80,363
80,369
80,375
81,380
81,386
81,392
81,398
82,403
82,409
82,415
83,420
83,426
83,432
84,437
84,443
84,449
84,454
85,460
85,466
85,471
85,477
86,483
86,488
86,494
86,500
62,161
61,156
60,151
59,146
59,140
58,135
57,130
56,125
55,119
54,114
53,109
52,104
51,99
49,93
48,88
46,83
45,78
43,73
41,67
40,61
42,66
43,72
45,78
46,83
48,89
49,95
50,101
51,106
52,112
53,118
55,123
56,129
56,135
57,140
58,146
59,152
60,158
61,163
62,169
62,175
63,180
64,186
64,192
65,197
66,203
66,209
67,215
68,220
68,226
69,232
69,237
70,243
70,249
71,255
71,260
72,266
72,272
73,277
73,283
74,289
74,294
75,300
75,306
75,312
76,317
76,323
77,329
77,334
77,340
78,346
78,351
78,357
79,363
79,369
79,374
80,380
80,386
80,391
81,397
81,403
81,408
82,414
82,420
82,426
82,431
83,437
83,443
83,448
84,454
84,460
84,465
84,471
85,477
85,483
85,488
85,494
60,160
60,155
59,150
58,145
57,140
57,135
56,130
55,125
54,120
53,115
52,110
51,105
50,100
49,95
48,90
47,85
45,80
44,75
43,70
43,65
39,57
41,63
42,68
44,74
45,80
47,85
48,91
49,97
51,102
52,108
53,114
54,119
55,125
56,131
57,136
58,142
59,148
59,153
60,159
61,165
62,170
62,176
63,182
64,187
65,193
65,199
66,204
66,210
67,216
68,221
68,227
69,233
69,238
70,244
70,250
71,255
71,261
72,267
72,272
73,278
73,284
74,289
74,295
75,301
75,306
75,312
76,318
76,323
77,329
77,335
77,340
78,346
78,352
78,357
79,363
79,369
79,374
80,380
80,386
80,391
81,397
81,403
81,408
82,414
82,420
82,425
82,431
83,437
83,442
83,448
83,454
84,459
84,465
84,471
85,476
85,482
59,147
59,143
58,139
57,135
57,131
56,127
55,123
54,119
54,115
53,111
52,107
51,103
50,98
49,94
47,90
46,86
45,82
43,78
42,74
41,70
40,66
37,48
39,54
40,60
42,66
43,72
44,77
46,83
47,89
48,95
49,100
50,106
52,112
53,118
54,123
54,129
55,135
56,141
57,146
58,152
59,158
60,164
60,169
61,175
62,181
62,187
63,192
64,198
64,204
65,210
66,215
66,221
67,227
67,233
68,239
68,244
69,250
69,256
70,262
70,267
71,273
71,279
72,285
72,290
73,296
73,302
74,308
74,313
74,319
75,325
75,331
76,336
76,342
76,348
77,354
77,359
78,365
78,371
78,377
79,383
79,388
79,394
80,400
80,406
80,411
80,417
81,423
81,429
81,434
82,440
82,446
82,452
82,457
83,463
83,469
83,475
61,161
60,156
60,151
59,147
58,142
57,137
57,132
56,127
55,123
54,118
53,113
52,108
51,103
50,99
49,94
47,89
46,84
44,79
43,75
41,70
39,65
38,60
38,54
40,60
41,66
43,71
44,77
46,83
47,88
48,94
50,100
51,105
52,111
53,117
54,122
55,128
56,134
57,139
58,145
59,151
59,156
60,162
61,168
62,173
63,179
63,185
64,190
65,196
65,202
66,207
66,213
67,219
68,224
68,230
69,236
69,241
70,247
70,253
71,258
71,264
72,270
72,275
73,281
73,287
74,292
74,298
75,304
75,309
75,315
76,321
76,326
77,332
77,338
77,343
78,349
78,355
78,360
79,366
79,372
79,377
80,383
80,389
80,394
81,400
81,406
81,412
82,417
82,423
82,429
82,434
83,440
83,446
83,451
83,457
84,463
84,468
63,177
62,172
62,166
61,161
60,155
59,150
59,145
58,139
57,134
56,129
55,123
54,118
53,112
52,107
51,102
49,96
48,91
47,85
45,80
43,75
41,69
39,64
37,58
39,58
41,63
43,69
44,75
46,81
47,86
48,92
50,98
51,104
52,109
53,115
54,121
55,127
56,132
57,138
58,144
59,150
60,155
61,161
61,167
62,172
63,178
64,184
64,190
65,195
66,201
66,207
67,213
68,218
68,224
69,230
69,236
70,241
70,247
71,253
71,258
72,264
72,270
73,276
73,281
74,287
74,293
75,299
75,304
75,310
76,316
76,322
77,327
77,333
77,339
78,345
78,350
78,356
79,362
79,367
79,373
80,379
80,385
80,390
81,396
81,402
81,408
82,413
82,419
82,425
82,431
83,436
83,442
83,448
83,453
84,459
84,465
84,471
66,192
65,186
64,181
64,175
63,170
62,164
61,158
60,153
60,147
59,142
58,136
57,130
56,125
55,119
53,114
52,108
51,103
50,97
48,91
47,86
45,80
43,75
41,69
40,63
42,63
43,69
45,75
46,80
48,86
49,92
50,97
52,103
53,109
54,115
55,120
56,126
57,132
58,137
59,143
60,149
61,155
62,160
62,166
63,172
64,177
65,183
65,189
66,195
67,200
67,206
68,212
69,218
69,223
70,229
70,235
71,240
71,246
72,252
73,258
73,263
74,269
74,275
74,280
75,286
75,292
76,298
76,303
77,309
77,315
77,320
78,326
78,332
79,338
79,343
79,349
80,355
80,361
80,366
81,372
81,378
81,383
82,389
82,395
82,401
82,406
83,412
83,418
83,423
84,429
84,435
84,441
84,446
85,452
85,458
85,463
85,469
69,204
68,198
67,192
66,186
66,180
65,175
64,169
63,163
62,157
61,151
60,145
59,140
58,134
57,128
56,122
55,116
54,111
52,105
51,99
49,93
48,87
46,82
44,76
42,70
41,64
41,64
43,70
45,75
46,81
48,87
49,93
51,98
52,104
53,110
54,116
55,121
57,127
58,133
59,138
60,144
61,150
61,156
62,161
63,167
64,173
65,179
66,184
66,190
67,196
68,201
68,207
69,213
70,219
70,224
71,230
71,236
72,242
72,247
73,253
73,259
74,264
74,270
75,276
75,282
76,287
76,293
77,299
77,305
77,310
78,316
78,322
78,327
79,333
79,339
79,345
80,350
80,356
80,362
81,368
81,373
81,379
82,385
82,390
82,396
82,402
83,408
83,413
83,419
83,425
84,430
84,436
84,442
84,448
84,453
85,459
85,465
67,213
67,207
66,202
66,196
65,190
64,184
63,178
63,173
62,167
61,161
60,155
59,149
58,144
57,138
56,132
55,126
54,120
53,115
52,109
50,103
49,97
47,91
46,86
44,80
42,74
41,68
40,63
42,69
43,75
45,81
47,86
48,92
50,98
51,103
52,109
53,115
55,121
56,126
57,132
58,138
59,144
60,149
61,155
62,161
62,167
63,172
64,178
65,184
66,189
66,195
67,201
68,207
68,212
69,218
69,224
70,230
71,235
71,241
72,247
72,253
73,258
73,264
73,270
74,276
74,281
75,287
75,293
76,298
76,304
76,310
77,316
77,321
77,327
78,333
78,339
78,344
79,350
79,356
79,362
79,367
80,373
80,379
80,384
81,390
81,396
81,402
81,407
81,413
82,419
82,425
82,430
82,436
82,442
83,448
83,453
83,459
66,196
65,191
65,185
64,180
63,175
63,170
62,164
61,159
61,154
60,149
59,144
58,138
57,133
56,128
56,123
55,117
54,112
52,107
51,102
50,96
49,91
48,86
46,81
45,75
43,70
42,65
41,60
39,60
40,65
42,71
44,77
45,82
47,88
48,94
49,99
50,105
52,110
53,116
54,122
55,127
56,133
57,138
58,144
59,150
60,155
60,161
61,167
62,172
63,178
64,183
64,189
65,195
66,200
66,206
67,211
67,217
68,223
69,228
69,234
70,240
70,245
71,251
71,256
72,262
72,268
73,273
73,279
73,284
74,290
74,296
75,301
75,307
75,313
76,318
76,324
76,329
77,335
77,341
77,346
78,352
78,357
78,363
79,369
79,374
79,380
79,386
80,391
80,397
80,402
80,408
81,414
81,419
81,425
81,430
81,436
82,442
67,205
67,199
66,194
65,189
64,184
64,179
63,174
62,168
61,163
61,158
60,153
59,148
58,143
57,137
56,132
55,127
54,122
53,117
52,112
51,106
50,101
48,96
47,91
46,86
44,81
43,76
42,70
43,65
40,59
42,65
43,71
45,76
46,82
48,88
49,94
50,99
52,105
53,111
54,116
55,122
56,128
57,134
58,139
59,145
60,151
61,156
61,162
62,168
63,174
64,179
64,185
65,191
66,197
66,202
67,208
68,214
68,219
69,225
69,231
70,237
70,242
71,248
71,254
72,259
72,265
73,271
73,277
74,282
74,288
75,294
75,300
75,305
76,311
76,317
76,322
77,328
77,334
77,340
78,345
78,351
78,357
79,362
79,368
79,374
80,380
80,385
80,391
80,397
81,403
81,408
81,414
81,420
82,425
82,431
82,437
82,443
66,191
65,186
65,181
64,177
63,172
63,167
62,163
61,158
60,153
59,149
59,144
58,139
57,135
56,130
55,125
54,121
53,116
52,111
51,107
50,102
48,97
47,93
46,88
45,83
43,79
42,74
41,69
41,65
42,60
39,54
40,60
42,66
43,72
45,77
46,83
47,89
48,95
50,100
51,106
52,112
53,118
54,123
55,129
56,135
57,141
58,146
59,152
59,158
60,164
61,169
62,175
62,181
63,186
64,192
64,198
65,204
66,209
66,215
67,221
67,227
68,232
69,238
69,244
70,250
70,255
71,261
71,267
71,273
72,278
72,284
73,290
73,296
74,301
74,307
74,313
75,318
75,324
76,330
76,336
76,341
77,347
77,353
77,359
78,364
78,370
78,376
78,382
79,387
79,393
79,399
80,405
80,410
80,416
80,422
81,428
81,433
67,204
66,199
66,194
65,189
64,183
64,178
63,173
62,168
61,162
61,157
60,152
59,147
58,141
57,136
56,131
55,126
54,121
53,115
52,110
51,105
50,100
49,94
47,89
46,84
44,79
43,73
41,68
40,63
39,58
39,52
38,56
40,62
42,68
43,73
45,79
46,85
47,91
49,97
50,102
51,108
52,114
53,120
54,125
55,131
56,137
57,143
58,148
59,154
60,160
61,166
61,171
62,177
63,183
64,189
64,194
65,200
66,206
66,212
67,217
67,223
68,229
69,235
69,240
70,246
70,252
71,258
71,264
72,269
72,275
72,281
73,287
73,292
74,298
74,304
74,310
75,315
75,321
75,327
76,333
76,338
76,344
77,350
77,356
77,361
78,367
78,373
78,379
78,384
79,390
79,396
79,402
79,407
80,413
80,419
80,425
80,431
69,219
68,213
68,208
67,203
66,198
66,192
65,187
64,182
64,177
63,171
62,166
61,161
60,155
60,150
59,145
58,140
57,134
56,129
55,124
54,119
53,113
52,108
50,103
49,98
48,92
46,87
45,82
43,76
42,71
41,66
41,61
41,59
42,65
44,70
45,76
47,82
48,87
49,93
50,99
52,105
53,110
54,116
55,122
56,127
57,133
58,139
59,144
60,150
60,156
61,162
62,167
63,173
63,179
64,184
65,190
65,196
66,201
67,207
67,213
68,218
69,224
69,230
70,236
70,241
71,247
71,253
72,258
72,264
73,270
73,275
73,281
74,287
74,292
75,298
75,304
75,310
76,315
76,321
76,327
77,332
77,338
77,344
78,349
78,355
78,361
79,366
79,372
79,378
79,384
80,389
80,395
80,401
80,406
81,412
81,418
81,423
69,233
68,228
68,223
67,217
67,212
66,206
65,201
65,196
64,190
63,185
63,179
62,174
61,168
60,163
60,158
59,152
58,147
57,141
56,136
55,131
54,125
53,120
52,114
51,109
50,103
48,98
47,93
46,87
44,82
43,76
41,71
41,66
41,60
42,65
44,71
45,77
47,83
48,89
49,94
50,100
52,106
53,112
54,117
55,123
56,129
57,135
58,140
59,146
59,152
60,158
61,163
62,169
63,175
63,181
64,186
65,192
65,198
66,204
67,210
67,215
68,221
69,227
69,233
70,238
70,244
71,250
71,256
72,261
72,267
73,273
73,279
74,284
74,290
74,296
75,302
75,307
76,313
76,319
76,325
77,330
77,336
77,342
78,348
78,354
78,359
79,365
79,371
79,377
80,382
80,388
80,394
80,400
81,405
81,411
81,417
81,423
69,235
69,229
68,224
68,218
67,213
66,207
66,202
65,197
64,191
64,186
63,180
62,175
62,169
61,164
60,159
59,153
59,148
58,142
57,137
56,131
55,126
54,121
53,115
52,110
50,104
49,99
48,93
46,88
45,83
43,77
41,72
39,66
38,61
40,59
41,65
43,70
45,76
46,82
47,87
49,93
50,99
51,104
53,110
54,116
55,121
56,127
57,133
58,139
59,144
60,150
61,156
61,161
62,167
63,173
64,178
64,184
65,190
66,195
67,201
67,207
68,212
68,218
69,224
70,229
70,235
71,241
71,246
72,252
72,258
73,263
73,269
73,275
74,280
74,286
75,292
75,298
75,303
76,309
76,315
77,320
77,326
77,332
78,337
78,343
78,349
78,354
79,360
79,366
79,371
80,377
80,383
80,388
80,394
80,400
81,405
81,411
70,234
69,228
69,223
68,217
68,212
67,207
66,201
66,196
65,191
64,185
63,180
63,175
62,169
61,164
60,158
59,153
59,148
58,142
57,137
56,132
55,126
54,121
53,115
52,110
50,105
49,99
48,94
46,89
45,83
44,78
42,73
40,67
39,62
40,56
40,56
42,61
43,67
44,73
46,79
47,85
48,91
49,96
50,102
51,108
52,114
53,120
54,125
55,131
56,137
57,143
58,149
59,154
60,160
60,166
61,172
62,178
63,183
63,189
64,195
65,201
65,207
66,212
67,218
67,224
68,230
68,236
69,241
70,247
70,253
71,259
71,265
72,270
72,276
73,282
73,288
74,294
74,299
75,305
75,311
75,317
76,323
76,328
77,334
77,340
77,346
78,352
78,357
79,363
79,369
79,375
80,381
80,386
80,392
81,398
81,404
81,410
71,256
71,250
70,244
70,239
69,233
69,227
68,221
67,215
67,210
66,204
66,198
65,192
64,186
64,181
63,175
62,169
61,163
60,157
60,152
59,146
58,140
57,134
56,128
55,123
54,117
53,111
52,105
50,100
49,94
48,88
46,82
45,76
43,71
41,65
40,59
41,61
42,66
44,72
45,78
47,84
48,89
50,95
51,101
52,107
53,112
54,118
55,124
56,130
57,136
58,141
59,147
60,153
61,159
62,164
63,170
64,176
64,182
65,187
66,193
66,199
67,205
68,210
68,216
69,222
69,228
70,234
71,239
71,245
72,251
72,257
73,262
73,268
73,274
74,280
74,285
75,291
75,297
76,303
76,308
76,314
77,320
77,326
77,332
78,337
78,343
78,349
79,355
79,360
79,366
79,372
80,378
80,383
80,389
80,395
81,401
81,406
73,261
73,256
72,250
71,244
71,238
70,232
70,227
69,221
69,215
68,209
67,203
67,198
66,192
65,186
65,180
64,174
63,169
62,163
61,157
61,151
60,145
59,140
58,134
57,128
56,122
55,116
54,111
52,105
51,99
50,93
48,87
47,82
45,76
44,70
42,64
42,58
41,63
43,69
44,75
46,81
47,86
49,92
50,98
51,104
53,109
54,115
55,121
56,127
57,133
58,138
59,144
60,150
61,156
62,161
63,167
63,173
64,179
65,185
66,190
66,196
67,202
68,208
68,213
69,219
69,225
70,231
71,237
71,242
72,248
72,254
73,260
73,265
74,271
74,277
74,283
75,289
75,294
76,300
76,306
76,312
77,317
77,323
77,329
78,335
78,341
78,346
79,352
79,358
79,364
79,369
80,375
80,381
80,387
80,393
81,398
81,404
73,261
73,255
72,250
72,244
71,238
70,232
70,227
69,221
69,215
68,209
67,204
67,198
66,192
65,186
64,181
64,175
63,169
62,163
61,158
60,152
60,146
59,141
58,135
57,129
56,123
55,118
53,112
52,106
51,100
50,95
49,89
47,83
46,77
44,72
43,66
42,60
42,54
41,63
43,68
44,74
46,80
47,86
48,91
49,97
51,103
52,109
53,114
54,120
55,126
56,132
57,137
58,143
59,149
60,155
60,160
61,166
62,172
63,178
64,183
64,189
65,195
66,201
66,206
67,212
68,218
68,224
69,229
69,235
70,241
70,247
71,252
72,258
72,264
72,270
73,275
73,281
74,287
74,293
75,298
75,304
76,310
76,316
76,321
77,327
77,333
77,339
78,344
78,350
78,356
79,362
79,367
79,373
80,379
80,385
80,390
81,396
73,273
73,267
72,261
72,255
71,249
70,243
70,237
69,231
69,225
68,219
67,213
67,207
66,201
65,195
64,189
64,183
63,177
62,171
61,165
60,159
59,152
58,146
58,140
57,134
55,128
54,122
53,116
52,110
51,104
50,98
48,92
47,86
45,80
44,74
42,68
41,62
39,56
39,50
39,60
41,65
42,71
44,77
45,83
46,89
48,95
49,101
50,107
51,113
52,119
53,125
54,131
55,136
56,142
57,148
58,154
59,160
60,166
61,172
61,178
62,184
63,190
64,196
64,202
65,208
66,213
66,219
67,225
68,231
68,237
69,243
70,249
70,255
71,261
71,267
72,273
72,279
73,284
73,290
74,296
74,302
75,308
75,314
76,320
76,326
77,332
77,338
77,344
78,350
78,356
79,361
79,367
79,373
80,379
80,385
80,391
81,397
76,284
75,278
74,272
74,266
73,260
73,253
72,247
72,241
71,235
71,229
70,223
69,217
69,210
68,204
67,198
67,192
66,186
65,180
65,173
64,167
63,161
62,155
61,149
60,143
59,137
59,130
58,124
56,118
55,112
54,106
53,100
52,93
50,87
49,81
47,75
46,69
44,63
42,57
42,50
41,61
42,67
44,72
45,78
47,84
48,90
50,96
51,102
52,108
53,113
55,119
56,125
57,131
58,137
59,143
60,149
61,154
61,160
62,166
63,172
64,178
65,184
65,190
66,195
67,201
67,207
68,213
69,219
69,225
70,230
70,236
71,242
71,248
72,254
72,260
73,266
73,271
74,277
74,283
74,289
75,295
75,301
76,307
76,312
76,318
77,324
77,330
77,336
77,342
78,348
78,353
78,359
79,365
79,371
79,377
79,383
79,388
75,284
74,278
74,272
73,266
73,260
72,254
72,248
71,242
71,236
70,231
70,225
69,219
68,213
68,207
67,201
67,195
66,189
65,183
65,177
64,171
63,165
62,159
62,153
61,147
60,141
59,135
58,129
57,123
56,117
55,112
54,106
53,100
52,94
50,88
49,82
47,76
46,70
44,64
43,58
42,52
39,58
41,64
42,70
44,75
45,81
47,87
48,92
49,98
51,104
52,109
53,115
54,121
55,126
56,132
57,137
58,143
59,149
60,154
61,160
61,166
62,171
63,177
64,183
64,188
65,194
66,200
66,205
67,211
68,216
68,222
69,228
69,233
70,239
70,245
71,250
71,256
72,262
72,267
73,273
73,279
74,284
74,290
74,295
75,301
75,307
75,312
76,318
76,324
76,329
77,335
77,341
77,346
78,352
78,358
78,363
78,369
73,277
72,271
72,266
71,260
71,254
70,249
70,243
69,237
69,232
68,226
68,221
67,215
66,209
66,204
65,198
65,193
64,187
63,181
63,176
62,170
61,165
60,159
59,153
59,148
58,142
57,136
56,131
55,125
54,120
53,114
52,108
51,103
50,97
48,92
47,86
46,80
44,75
42,69
41,64
39,58
39,52
37,49
38,55
40,61
42,67
43,73
45,79
46,84
48,90
49,96
50,102
51,108
53,114
54,120
55,126
56,131
57,137
58,143
59,149
60,155
61,161
61,167
62,172
63,178
64,184
65,190
65,196
66,202
67,208
67,214
68,219
68,225
69,231
70,237
70,243
71,249
71,255
72,261
72,266
73,272
73,278
73,284
74,290
74,296
75,302
75,307
75,313
76,319
76,325
76,331
77,337
77,343
77,349
77,354
78,360
78,366
73,283
73,278
72,272
72,266
71,261
70,255
70,249
69,244
69,238
68,232
68,227
67,221
66,215
66,210
65,204
65,198
64,193
63,187
62,181
62,176
61,170
60,164
59,159
59,153
58,147
57,142
56,136
55,130
54,125
53,119
52,113
51,108
50,102
49,96
47,91
46,85
45,79
43,74
42,68
40,62
39,57
39,51
37,47
39,53
40,58
42,64
43,70
45,76
46,82
47,88
49,94
50,100
51,106
52,112
53,118
55,124
56,130
57,136
58,142
58,147
59,153
60,159
61,165
62,171
63,177
63,183
64,189
65,195
66,201
66,207
67,213
68,219
68,225
69,231
69,237
70,242
70,248
71,254
71,260
72,266
72,272
73,278
73,284
74,290
74,296
75,302
75,308
75,314
76,320
76,326
76,331
77,337
77,343
77,349
78,355
78,361
73,289
73,283
72,277
71,271
71,265
70,260
70,254
69,248
69,242
68,236
67,231
67,225
66,219
65,213
65,207
64,202
63,196
63,190
62,184
61,178
60,173
59,167
59,161
58,155
57,150
56,144
55,138
54,132
53,126
52,121
51,115
50,109
49,103
47,97
46,92
45,86
43,80
42,74
40,68
39,63
37,57
36,51
37,45
37,47
39,53
40,59
42,65
43,70
44,76
46,82
47,88
48,94
49,99
51,105
52,111
53,117
54,122
55,128
56,134
57,140
58,146
59,151
59,157
60,163
61,169
62,174
63,180
63,186
64,192
65,198
65,203
66,209
67,215
67,221
68,226
69,232
69,238
70,244
70,250
71,255
71,261
72,267
72,273
73,279
73,284
74,290
74,296
74,302
75,307
75,313
76,319
76,325
76,331
77,336
77,342
77,348
75,300
75,294
74,288
74,283
73,277
73,271
72,265
72,260
71,254
70,248
70,242
69,236
69,231
68,225
67,219
67,213
66,207
65,202
65,196
64,190
63,184
63,178
62,173
61,167
60,161
59,155
58,149
58,144
57,138
56,132
55,126
54,121
53,115
51,109
50,103
49,97
48,92
46,86
45,80
43,74
41,68
40,63
38,57
38,51
38,53
40,59
42,64
44,70
45,76
47,82
48,88
49,94
51,100
52,106
53,111
54,117
56,123
57,129
58,135
59,141
60,147
61,153
62,158
62,164
63,170
64,176
65,182
66,188
66,194
67,200
68,205
68,211
69,217
70,223
70,229
71,235
71,241
72,247
72,252
73,258
73,264
74,270
74,276
75,282
75,288
76,294
76,299
76,305
77,311
77,317
77,323
78,329
78,335
78,340
78,346
79,352
76,309
75,304
75,298
74,292
74,287
73,281
73,275
72,269
72,264
71,258
71,252
70,247
70,241
69,235
69,229
68,224
68,218
67,212
66,206
66,201
65,195
64,189
64,184
63,178
62,172
61,166
61,161
60,155
59,149
58,144
57,138
56,132
55,126
54,121
53,115
52,109
50,103
49,98
47,92
46,86
44,81
42,75
40,69
37,63
35,58
37,55
39,61
41,67
43,73
44,79
46,85
47,90
49,96
50,102
51,108
53,114
54,120
55,126
56,132
57,137
58,143
59,149
60,155
61,161
62,167
63,173
64,179
65,184
66,190
66,196
67,202
68,208
69,214
69,220
70,225
70,231
71,237
72,243
72,249
73,255
73,261
74,267
74,272
75,278
75,284
75,290
76,296
76,302
77,308
77,314
77,319
78,325
78,331
78,337
78,343
79,349
77,310
77,304
76,299
76,293
75,288
75,282
74,277
74,271
73,266
73,260
72,255
72,249
71,243
71,238
70,232
70,227
69,221
68,216
68,210
67,205
67,199
66,194
65,188
65,183
64,177
63,172
62,166
62,161
61,155
60,150
59,144
58,139
57,133
56,128
55,122
54,117
53,111
52,105
50,100
49,94
47,89
46,83
44,78
42,72
40,67
39,61
40,61
42,67
43,73
45,79
46,85
48,90
49,96
50,102
52,108
53,114
54,120
55,126
56,132
57,138
59,143
60,149
60,155
61,161
62,167
63,173
64,179
65,185
66,191
66,196
67,202
68,208
68,214
69,220
70,226
70,232
71,238
71,244
72,249
73,255
73,261
74,267
74,273
74,279
75,285
75,291
76,297
76,302
77,308
77,314
77,320
78,326
78,332
78,338
79,344
79,350
78,326
78,320
77,314
77,309
76,303
76,297
75,291
75,285
74,279
74,274
73,268
72,262
72,256
71,250
71,245
70,239
69,233
69,227
68,221
67,215
67,210
66,204
65,198
65,192
64,186
63,180
62,175
61,169
61,163
60,157
59,151
58,146
57,140
56,134
55,128
54,122
53,116
51,111
50,105
49,99
47,93
46,87
45,82
43,76
42,70
41,64
42,58
41,59
43,64
44,70
46,76
47,82
48,88
50,94
51,100
52,106
53,112
54,118
55,123
56,129
57,135
58,141
59,147
60,153
61,159
62,165
63,171
64,177
64,183
65,188
66,194
67,200
67,206
68,212
69,218
69,224
70,230
71,236
71,242
72,248
72,253
73,259
73,265
74,271
74,277
75,283
75,289
76,295
76,301
77,307
77,312
77,318
78,324
78,330
79,336
79,342
79,334
78,328
78,323
78,317
77,312
77,306
76,301
76,295
75,290
75,284
75,279
74,273
74,268
73,262
73,257
72,251
72,246
71,240
71,234
70,229
69,223
69,218
68,212
68,207
67,201
66,196
66,190
65,185
64,179
64,174
63,168
62,163
61,157
60,152
59,146
58,141
57,135
56,130
55,124
54,119
53,113
51,108
50,102
48,97
47,91
45,86
42,80
40,75
42,63
44,69
45,76
47,82
48,88
50,94
51,100
52,106
54,112
55,118
56,124
57,130
58,137
59,143
60,149
61,155
62,161
63,167
64,173
65,179
66,185
66,192
67,198
68,204
68,210
69,216
70,222
70,228
71,234
71,240
72,247
73,253
73,259
73,265
74,271
74,277
75,283
75,289
76,295
76,302
76,308
77,314
77,320
77,326
78,332
78,338
78,344
78,350
79,337
78,332
78,326
77,320
77,315
76,309
76,303
76,298
75,292
75,286
74,281
74,275
73,269
73,264
72,258
72,252
71,247
70,241
70,235
69,230
69,224
68,218
67,213
67,207
66,201
65,196
65,190
64,184
63,179
63,173
62,167
61,162
60,156
59,150
58,145
57,139
56,133
55,128
54,122
53,116
52,111
51,105
49,99
48,94
47,88
45,82
43,77
42,71
42,65
41,60
43,66
44,72
46,78
47,83
49,89
50,95
51,101
53,106
54,112
55,118
56,123
57,129
58,135
59,141
60,146
61,152
62,158
63,163
64,169
64,175
65,181
66,186
67,192
67,198
68,204
69,209
70,215
70,221
71,226
71,232
72,238
72,244
73,249
74,255
74,261
74,266
75,272
75,278
76,284
76,289
77,295
77,301
77,307
78,312
78,318
79,324
78,340
77,335
77,329
76,323
76,318
76,312
75,306
75,301
74,295
74,289
73,284
73,278
72,272
72,267
71,261
71,255
70,250
70,244
69,238
69,233
68,227
68,221
67,216
66,210
66,204
65,199
65,193
64,187
63,182
62,176
62,170
61,165
60,159
59,153
59,148
58,142
57,136
56,131
55,125
54,119
53,114
51,108
50,102
49,97
47,91
46,85
44,80
42,74
40,68
39,63
40,53
42,59
43,65
44,71
46,77
47,83
49,88
50,94
51,100
52,106
53,112
54,118
56,123
57,129
58,135
59,141
60,147
60,153
61,159
62,164
63,170
64,176
65,182
65,188
66,194
67,199
67,205
68,211
69,217
69,223
70,229
71,235
71,240
72,246
72,252
73,258
73,264
74,270
74,275
75,281
75,287
76,293
76,299
77,305
77,310
77,316
79,346
78,340
78,335
78,329
77,323
77,318
76,312
76,306
75,301
75,295
75,289
74,284
74,278
73,273
73,267
72,261
72,256
71,250
71,244
70,239
70,233
69,228
68,222
68,216
67,211
67,205
66,199
65,194
65,188
64,183
63,177
63,171
62,166
61,160
60,154
59,149
59,143
58,137
57,132
56,126
55,121
54,115
52,109
51,104
50,98
48,92
47,87
45,81
44,76
42,70
41,64
42,56
43,62
45,68
46,74
48,80
49,86
50,91
51,97
53,103
54,109
55,115
56,121
57,127
58,132
59,138
60,144
61,150
62,156
62,162
63,168
64,173
65,179
66,185
66,191
67,197
68,203
68,209
69,214
70,220
70,226
71,232
71,238
72,244
73,250
73,256
74,261
74,267
75,273
75,279
76,285
76,291
76,297
77,302
77,308
78,314
79,352
79,346
78,340
78,335
78,329
77,324
77,318
76,312
76,307
76,301
75,295
75,290
74,284
74,279
73,273
73,267
72,262
72,256
71,250
71,245
70,239
70,234
69,228
69,222
68,217
67,211
67,206
66,200
65,194
65,189
64,183
63,177
63,172
62,166
61,161
60,155
60,149
59,144
58,138
57,133
56,127
55,121
54,116
53,110
51,104
50,99
49,93
47,88
46,82
44,76
42,71
41,65
42,57
44,63
45,68
47,74
48,80
49,86
51,92
52,98
53,103
54,109
55,115
56,121
57,127
58,133
59,139
60,144
61,150
62,156
63,162
64,168
64,174
65,179
66,185
67,191
67,197
68,203
69,209
69,214
70,220
70,226
71,232
71,238
72,244
72,249
73,255
73,261
74,267
74,273
74,279
75,284
75,290
76,296
76,302
76,308
80,358
80,352
79,347
79,341
78,336
78,330
78,324
77,319
77,313
76,308
76,302
75,297
75,291
74,286
74,280
74,274
73,269
73,263
72,258
72,252
71,247
70,241
70,236
69,230
69,225
68,219
68,213
67,208
66,202
66,197
65,191
64,186
64,180
63,175
62,169
61,164
61,158
60,152
59,147
58,141
57,136
56,130
55,125
54,119
53,114
52,108
50,103
49,97
48,91
46,86
45,80
43,75
43,69
42,55
43,61
45,67
46,73
48,79
49,85
50,91
52,97
53,102
54,108
55,114
56,120
57,126
58,132
59,138
60,144
61,150
62,156
63,162
63,168
64,174
65,180
66,186
66,192
67,198
68,204
68,210
69,216
70,222
70,228
71,234
71,240
72,246
72,252
73,258
73,263
74,269
74,275
75,281
75,287
76,293
76,299
76,305
79,364
79,358
79,353
78,347
78,341
77,336
77,330
77,325
76,319
76,313
75,308
75,302
75,297
74,291
74,285
73,280
73,274
72,269
72,263
71,257
71,252
70,246
70,241
69,235
69,229
68,224
68,218
67,213
66,207
66,201
65,196
65,190
64,185
63,179
62,173
62,168
61,162
60,157
59,151
58,145
58,140
57,134
56,129
55,123
54,117
52,112
51,106
50,101
49,95
47,89
46,84
44,78
42,73
41,67
42,54
43,59
44,65
46,71
47,77
48,82
49,88
51,94
52,100
53,105
54,111
55,117
56,122
57,128
58,134
59,140
60,145
61,151
62,157
62,162
63,168
64,174
65,180
65,185
66,191
67,197
68,202
68,208
69,214
70,220
70,225
71,231
71,237
72,242
72,248
73,254
74,260
74,265
75,271
75,277
76,282
76,288
79,368
79,363
78,357
78,351
78,346
77,340
77,334
76,329
76,323
76,317
75,312
75,306
74,300
74,295
74,289
73,284
73,278
72,272
72,267
71,261
71,255
70,250
70,244
69,238
69,233
68,227
68,221
67,216
66,210
66,204
65,199
65,193
64,187
63,182
63,176
62,170
61,165
61,159
60,153
59,148
58,142
57,136
56,131
55,125
54,119
53,114
52,108
51,102
50,97
48,91
47,85
46,80
44,74
42,68
42,63
41,54
43,60
44,66
45,72
46,78
48,83
49,89
50,95
51,101
52,106
53,112
54,118
55,124
56,130
57,135
58,141
59,147
60,153
61,158
62,164
63,170
63,176
64,182
65,187
66,193
66,199
67,205
68,210
69,216
69,222
70,228
71,234
71,239
72,245
73,251
73,257
74,262
74,268
75,274
75,280
76,286
80,374
80,368
79,363
79,357
79,351
78,345
78,340
78,334
77,328
77,323
76,317
76,311
75,305
75,300
75,294
74,288
74,282
73,277
73,271
72,265
72,259
71,254
71,248
70,242
70,236
69,231
69,225
68,219
68,213
67,208
66,202
66,196
65,191
65,185
64,179
63,173
62,168
62,162
61,156
60,150
59,145
58,139
58,133
57,127
56,122
55,116
54,110
52,104
51,99
50,93
49,87
47,82
46,76
44,70
42,64
41,59
42,55
43,61
45,67
46,73
47,78
48,84
50,90
51,96
52,102
53,108
54,114
55,120
56,126
57,132
58,138
59,144
60,150
61,156
62,162
62,168
63,174
64,180
65,186
66,192
66,198
67,204
68,210
69,216
69,222
70,228
71,233
71,239
72,245
72,251
73,257
74,263
74,269
75,275
75,281
76,287
78,373
78,367
77,362
77,356
77,350
76,345
76,339
75,333
75,328
75,322
74,316
74,311
73,305
73,299
73,294
72,288
72,282
71,277
71,271
70,265
70,260
69,254
69,248
68,243
68,237
67,231
67,225
66,220
66,214
65,208
65,203
64,197
63,191
63,186
62,180
61,174
61,169
60,163
59,157
58,152
58,146
57,140
56,135
55,129
54,123
53,118
52,112
51,106
50,101
49,95
48,89
46,84
45,78
44,72
42,67
41,61
40,55
41,49
42,55
43,61
44,68
45,74
46,80
47,86
48,92
49,99
50,105
51,111
52,117
53,123
54,130
55,136
56,142
57,148
58,154
59,160
60,167
61,173
61,179
62,185
63,191
64,198
65,204
66,210
66,216
67,222
68,229
69,235
70,241
70,247
71,253
72,260
73,266
73,272
74,278
75,284
80,386
79,381
79,375
79,369
78,363
78,358
78,352
77,346
77,340
77,335
76,329
76,323
75,317
75,312
75,306
74,300
74,294
73,289
73,283
72,277
72,271
72,266
71,260
71,254
70,249
70,243
69,237
69,231
68,226
67,220
67,214
66,208
66,203
65,197
65,191
64,185
63,180
63,174
62,168
61,162
60,157
60,151
59,145
58,140
57,134
56,128
55,122
54,117
53,111
52,105
51,99
50,94
48,88
47,82
45,76
44,71
42,65
41,59
43,55
44,61
46,67
47,73
48,79
49,85
50,91
51,98
52,104
53,110
54,116
55,122
56,128
56,134
57,140
58,146
59,152
60,158
61,165
62,171
63,177
63,183
64,189
65,195
66,201
66,207
67,213
68,219
69,225
69,232
70,238
71,244
72,250
72,256
73,262
74,268
74,274
75,280
80,394
80,388
80,382
80,376
79,370
79,365
78,359
78,353
78,347
77,341
77,335
77,330
76,324
76,318
76,312
75,306
75,300
74,295
74,289
73,283
73,277
73,271
72,266
72,260
71,254
71,248
70,242
70,236
69,231
69,225
68,219
68,213
67,207
67,201
66,196
65,190
65,184
64,178
63,172
63,166
62,161
61,155
60,149
60,143
59,137
58,131
57,126
56,120
55,114
54,108
53,102
52,97
50,91
49,85
48,79
46,73
44,67
42,62
41,56
42,59
44,65
45,71
46,77
47,83
49,89
50,95
51,101
52,107
53,113
54,119
55,125
56,131
57,137
58,143
59,149
60,155
61,161
62,167
63,173
63,179
64,185
65,191
66,197
67,203
67,209
68,215
69,221
69,227
70,234
71,240
71,246
72,252
73,258
73,264
74,270
75,276
81,400
80,394
80,389
80,383
79,377
79,371
79,365
78,360
78,354
78,348
77,342
77,337
77,331
76,325
76,319
76,313
75,308
75,302
74,296
74,290
74,285
73,279
73,273
72,267
72,261
71,256
71,250
71,244
70,238
70,232
69,227
69,221
68,215
67,209
67,204
66,198
66,192
65,186
65,180
64,175
63,169
63,163
62,157
61,152
60,146
59,140
59,134
58,128
57,123
56,117
55,111
54,105
52,99
51,94
50,88
48,82
47,76
45,71
43,65
41,59
43,60
44,66
46,72
47,78
48,83
49,89
51,95
52,101
53,106
54,112
55,118
56,124
57,130
58,135
59,141
60,147
61,153
62,158
62,164
63,170
64,176
65,181
66,187
66,193
67,199
68,204
69,210
69,216
70,222
71,228
71,233
72,239
72,245
73,251
74,256
74,262
81,396
81,391
81,385
80,379
80,374
80,368
79,362
79,357
78,351
78,345
78,340
77,334
77,328
77,323
76,317
76,311
75,306
75,300
75,294
74,289
74,283
73,277
73,272
72,266
72,260
71,255
71,249
70,243
70,238
69,232
69,226
68,221
68,215
67,209
67,204
66,198
65,192
65,187
64,181
64,175
63,170
62,164
61,158
61,153
60,147
59,141
58,136
57,130
56,124
55,119
54,113
53,107
52,102
51,96
50,90
49,85
47,79
46,73
44,68
43,62
42,56
42,54
43,60
44,66
46,72
47,78
48,84
50,91
51,97
52,103
53,109
54,115
55,121
56,128
57,134
58,140
59,146
60,152
61,159
62,165
63,171
64,177
65,183
65,189
66,196
67,202
68,208
68,214
69,220
70,226
71,233
71,239
72,245
72,251
73,257
74,263
83,417
83,411
83,405
82,400
82,394
82,388
81,382
81,376
81,370
80,365
80,359
80,353
79,347
79,341
78,335
78,329
78,324
77,318
77,312
76,306
76,300
76,294
75,289
75,283
74,277
74,271
73,265
73,259
72,254
72,248
71,242
71,236
70,230
70,224
69,218
69,213
68,207
68,201
67,195
66,189
66,183
65,178
64,172
64,166
63,160
62,154
61,148
60,143
60,137
59,131
58,125
57,119
56,113
55,107
53,102
52,96
51,90
49,84
48,78
46,72
44,67
43,61
43,61
44,66
46,72
47,78
49,83
50,89
51,95
53,101
54,106
55,112
56,118
57,124
58,129
59,135
60,141
61,147
62,152
63,158
64,164
65,170
66,175
66,181
67,187
68,193
69,198
69,204
70,210
71,216
71,221
72,227
72,233
73,239
73,244
74,250
83,420
83,415
83,409
82,403
82,397
82,391
81,385
81,380
81,374
80,368
80,362
80,356
79,351
79,345
79,339
78,333
78,327
78,321
77,316
77,310
77,304
76,298
76,292
75,286
75,281
74,275
74,269
74,263
73,257
73,252
72,246
72,240
71,234
71,228
70,222
70,217
69,211
69,205
68,199
67,193
67,188
66,182
65,176
65,170
64,164
63,158
63,153
62,147
61,141
60,135
59,129
58,124
57,118
56,112
55,106
54,100
53,94
51,89
50,83
48,77
46,71
44,65
42,60
42,67
44,72
45,77
47,83
48,88
49,93
51,98
52,104
53,109
54,114
55,120
56,125
57,130
59,135
60,141
61,146
61,151
62,157
63,162
64,167
65,172
66,178
67,183
67,188
68,194
69,199
70,204
70,209
71,215
72,220
72,225
73,231
73,236
83,424
82,419
82,413
82,407
81,401
81,395
81,389
80,383
80,377
80,371
79,365
79,360
79,354
78,348
78,342
78,336
77,330
77,324
76,318
76,312
76,306
75,301
75,295
74,289
74,283
74,277
73,271
73,265
72,259
72,253
71,247
71,242
70,236
70,230
69,224
69,218
68,212
67,206
67,200
66,194
66,189
65,183
64,177
64,171
63,165
62,159
61,153
61,147
60,141
59,135
58,130
57,124
56,118
55,112
54,106
53,100
52,94
50,88
49,82
48,76
46,71
44,65
42,59
41,53
41,61
42,66
44,71
45,77
47,82
48,87
49,92
51,98
52,103
53,108
54,114
55,119
56,124
57,129
58,135
59,140
60,145
61,150
62,156
63,161
63,166
64,171
65,177
66,182
66,187
67,193
67,198
68,203
69,208
69,214
70,219
70,224
83,425
83,419
82,413
82,407
82,401
81,396
81,390
81,384
80,378
80,372
80,367
79,361
79,355
79,349
78,343
78,338
77,332
77,326
77,320
76,315
76,309
75,303
75,297
75,291
74,286
74,280
73,274
73,268
72,262
72,257
71,251
71,245
70,239
70,233
69,228
69,222
68,216
68,210
67,204
66,199
66,193
65,187
64,181
64,176
63,170
62,164
62,158
61,152
60,147
59,141
58,135
57,129
56,123
55,118
54,112
53,106
52,100
51,94
49,89
48,83
46,77
45,71
43,66
41,60
39,54
41,60
42,66
44,72
45,77
47,83
48,89
50,94
51,100
52,106
53,111
55,117
56,122
57,128
58,134
59,139
60,145
61,151
61,156
62,162
63,168
64,173
65,179
65,185
66,190
67,196
67,201
68,207
68,213
69,218
69,224
70,230
83,431
82,425
82,420
82,414
81,408
81,402
81,397
81,391
80,385
80,379
80,374
79,368
79,362
79,356
78,351
78,345
77,339
77,333
77,328
76,322
76,316
76,310
75,304
75,299
74,293
74,287
74,281
73,276
73,270
72,264
72,258
71,253
71,247
70,241
70,235
69,230
69,224
68,218
68,212
67,207
67,201
66,195
65,189
65,183
64,178
63,172
63,166
62,160
61,155
61,149
60,143
59,137
58,132
57,126
56,120
55,114
54,109
53,103
51,97
50,91
49,86
47,80
45,74
43,68
41,62
38,57
40,59
42,65
43,71
45,77
46,82
48,88
49,94
50,99
51,105
53,111
54,117
55,122
56,128
57,134
58,139
59,145
60,151
61,157
61,162
62,168
63,174
64,179
64,185
65,191
66,197
66,202
67,208
68,214
68,219
69,225
84,436
84,430
83,425
83,419
83,413
82,408
82,402
82,396
81,390
81,385
81,379
80,373
80,368
80,362
79,356
79,350
79,345
78,339
78,333
78,328
77,322
77,316
76,310
76,305
76,299
75,293
75,288
74,282
74,276
73,270
73,265
72,259
72,253
71,248
71,242
70,236
70,230
69,225
69,219
68,213
68,208
67,202
66,196
66,191
65,185
65,179
64,173
63,168
62,162
62,156
61,151
60,145
59,139
58,133
57,128
56,122
55,116
54,111
53,105
52,99
51,93
50,88
48,82
47,76
45,71
43,65
42,59
43,61
44,66
45,72
46,78
48,83
49,89
50,95
51,100
52,106
53,112
54,117
55,123
56,129
57,134
58,140
59,146
60,151
61,157
62,163
62,168
63,174
64,180
65,185
65,191
66,197
67,202
67,208
68,214
69,219
84,443
83,437
83,431
83,425
82,420
82,414
82,408
81,402
81,396
81,391
80,385
80,379
80,373
79,368
79,362
78,356
78,350
78,344
77,339
77,333
77,327
76,321
76,316
75,310
75,304
74,298
74,292
74,287
73,281
73,275
72,269
72,264
71,258
71,252
70,246
70,240
69,235
69,229
68,223
67,217
67,212
66,206
66,200
65,194
64,188
64,183
63,177
62,171
62,165
61,159
60,154
59,148
58,142
58,136
57,131
56,125
55,119
54,113
53,107
51,102
50,96
49,90
47,84
46,79
44,73
43,67
41,61
40,55
41,58
43,64
44,70
46,75
47,81
48,87
49,93
51,98
52,104
53,110
54,116
55,121
56,127
57,133
58,139
59,145
60,150
60,156
61,162
62,168
63,173
64,179
64,185
65,191
66,196
66,202
67,208
68,214
85,448
84,443
84,437
84,431
83,425
83,420
83,414
82,408
82,403
82,397
81,391
81,385
81,380
80,374
80,368
80,362
79,357
79,351
78,345
78,340
78,334
77,328
77,322
76,317
76,311
76,305
75,299
75,294
74,288
74,282
73,277
73,271
72,265
72,259
71,254
71,248
70,242
70,236
69,231
69,225
68,219
68,214
67,208
66,202
66,196
65,191
65,185
64,179
63,173
62,168
62,162
61,156
60,151
59,145
58,139
58,133
57,128
56,122
55,116
53,110
52,105
51,99
50,93
48,88
47,82
45,76
44,70
42,65
41,59
42,58
44,64
45,70
47,76
48,82
49,89
51,95
52,101
53,107
54,113
55,120
56,126
57,132
58,138
59,144
60,150
61,157
62,163
63,169
64,175
64,181
65,188
66,194
67,200
67,206
68,212
68,219
83,456
83,450
83,444
83,438
82,432
82,426
82,420
81,414
81,408
81,402
80,397
80,391
80,385
79,379
79,373
79,367
78,361
78,355
78,349
77,344
77,338
77,332
76,326
76,320
75,314
75,308
75,302
74,296
74,291
73,285
73,279
72,273
72,267
71,261
71,255
71,249
70,243
70,237
69,232
68,226
68,220
67,214
67,208
66,202
66,196
65,190
64,184
64,179
63,173
62,167
62,161
61,155
60,149
59,143
59,137
58,131
57,126
56,120
55,114
54,108
53,102
52,96
50,90
49,84
48,78
46,73
44,67
43,61
41,55
39,49
41,59
43,65
44,71
45,76
47,82
48,88
49,94
50,99
51,105
52,111
53,117
54,122
55,128
56,134
57,140
58,145
58,151
59,157
60,163
61,168
61,174
62,180
63,186
63,191
64,197
65,203
85,460
84,454
84,448
84,443
84,437
83,431
83,426
83,420
82,414
82,409
82,403
82,397
81,392
81,386
81,380
80,375
80,369
80,363
79,358
79,352
79,346
78,341
78,335
78,329
77,324
77,318
76,312
76,307
76,301
75,295
75,289
74,284
74,278
74,272
73,267
73,261
72,255
72,250
71,244
71,238
70,233
70,227
69,221
69,216
68,210
68,204
67,199
66,193
66,187
65,182
64,176
64,170
63,165
62,159
62,153
61,148
60,142
59,136
58,131
57,125
56,119
55,114
54,108
53,102
51,97
50,91
49,85
47,80
45,74
43,68
41,63
43,60
44,66
45,72
47,78
48,84
49,90
50,96
51,102
52,108
53,114
54,120
55,126
56,132
57,138
58,143
59,149
60,155
61,161
62,167
63,173
64,179
64,185
65,191
66,197
67,203
85,469
85,463
84,457
84,452
84,446
83,440
83,434
83,429
83,423
82,417
82,411
82,406
81,400
81,394
81,388
80,383
80,377
80,371
79,365
79,360
79,354
78,348
78,342
77,337
77,331
77,325
76,319
76,314
75,308
75,302
75,297
74,291
74,285
73,279
73,274
72,268
72,262
71,256
71,251
71,245
70,239
69,233
69,228
68,222
68,216
67,210
67,205
66,199
65,193
65,187
64,182
63,176
63,170
62,165
61,159
61,153
60,147
59,142
58,136
57,130
56,124
55,119
54,113
53,107
52,101
50,96
49,90
48,84
46,78
44,73
42,67
41,61
43,64
44,69
45,75
46,80
48,85
49,91
50,96
51,101
52,107
53,112
54,117
55,123
56,128
57,133
58,139
59,144
60,149
61,155
62,160
63,165
64,171
65,176
66,181
67,187
85,470
85,464
85,459
84,453
84,447
84,442
84,436
83,431
83,425
83,419
82,414
82,408
82,402
82,397
81,391
81,385
81,380
80,374
80,368
80,363
79,357
79,352
79,346
78,340
78,335
78,329
77,323
77,318
76,312
76,306
76,301
75,295
75,289
74,284
74,278
74,273
73,267
73,261
72,256
72,250
71,244
71,239
70,233
70,227
69,222
69,216
68,210
68,205
67,199
66,194
66,188
65,182
64,177
64,171
63,165
62,160
61,154
61,148
60,143
59,137
58,131
57,126
56,120
55,115
54,109
52,103
51,98
50,92
48,86
46,81
44,75
41,69
39,64
41,62
42,68
44,74
46,80
47,86
48,92
50,98
51,104
52,110
54,116
55,122
56,128
57,134
58,140
59,146
60,152
61,158
62,164
63,170
64,176
65,182
65,188
66,194
87,475
87,469
87,464
86,458
86,452
86,447
85,441
85,436
85,430
85,424
84,419
84,413
84,407
83,402
83,396
83,390
82,385
82,379
81,373
81,368
81,362
80,356
80,351
80,345
79,340
79,334
78,328
78,323
78,317
77,311
77,306
76,300
76,294
75,289
75,283
75,277
74,272
74,266
73,260
73,255
72,249
72,244
71,238
71,232
70,227
69,221
69,215
68,210
68,204
67,198
66,193
66,187
65,181
64,176
64,170
63,164
62,159
61,153
60,148
60,142
59,136
58,131
57,125
56,119
55,114
53,108
52,102
51,97
49,91
48,85
46,80
45,74
43,68
42,63
44,63
45,71
47,79
48,87
50,95
51,102
52,110
54,118
55,126
56,134
57,142
58,150
59,157
60,165
61,173
61,181
62,189
63,197
63,205
64,213
64,220
65,228
88,483
87,478
87,472
87,467
87,461
86,456
86,450
86,445
85,439
85,434
85,428
85,422
84,417
84,411
84,406
83,400
83,395
83,389
82,384
82,378
82,373
81,367
81,362
81,356
80,351
80,345
79,340
79,334
79,329
78,323
78,318
77,312
77,307
77,301
76,296
76,290
75,285
75,279
74,274
74,268
73,263
73,257
72,252
72,246
71,241
71,235
70,230
70,224
69,219
69,213
68,208
67,202
67,197
66,191
65,186
65,180
64,175
63,169
62,164
62,158
61,153
60,147
59,142
58,136
57,131
56,125
55,120
54,114
52,109
51,103
49,98
48,92
46,87
44,81
43,75
44,67
45,75
47,82
48,90
50,97
51,105
53,112
54,120
55,127
56,134
57,142
59,149
59,157
60,164
61,172
62,179
63,187
64,194
64,202
65,209
66,217
87,482
87,477
87,471
86,466
86,460
86,455
86,449
85,443
85,438
85,432
84,427
84,421
84,415
83,410
83,404
83,399
82,393
82,387
82,382
81,376
81,371
81,365
80,359
80,354
80,348
79,343
79,337
79,331
78,326
78,320
77,315
77,309
77,303
76,298
76,292
75,287
75,281
74,275
74,270
73,264
73,259
73,253
72,247
72,242
71,236
70,231
70,225
69,219
69,214
68,208
68,203
67,197
66,192
66,186
65,180
64,175
64,169
63,164
62,158
61,152
61,147
60,141
59,136
58,130
57,124
56,119
55,113
54,108
53,102
51,96
50,91
48,85
47,80
45,74
43,68
42,63
43,65
45,73
47,80
49,88
50,96
52,104
53,112
54,120
56,128
57,136
58,144
59,152
60,160
61,168
62,176
62,184
63,192
64,200
64,208
65,215
88,497
88,491
88,486
87,480
87,475
87,469
86,463
86,458
86,452
86,447
85,441
85,435
85,430
84,424
84,419
84,413
84,407
83,402
83,396
83,390
82,385
82,379
82,374
81,368
81,362
81,357
80,351
80,346
80,340
79,334
79,329
78,323
78,318
78,312
77,306
77,301
76,295
76,290
76,284
75,278
75,273
74,267
74,261
73,256
73,250
72,245
72,239
71,233
71,228
70,222
70,217
69,211
68,205
68,200
67,194
67,189
66,183
65,177
64,172
64,166
63,161
62,155
61,149
61,144
60,138
59,133
58,127
57,121
55,116
54,110
53,104
52,99
50,93
49,88
47,82
45,76
44,71
43,61
44,69
46,77
48,84
49,92
51,100
52,107
53,115
55,123
56,130
57,138
58,146
59,153
60,161
60,169
61,176
62,184
62,192
63,199
88,508
88,502
87,496
87,491
87,485
87,479
86,473
86,468
86,462
85,456
85,451
85,445
85,439
84,433
84,428
84,422
83,416
83,410
83,405
82,399
82,393
82,387
81,382
81,376
81,370
80,364
80,359
80,353
79,347
79,341
78,336
78,330
78,324
77,319
77,313
76,307
76,301
76,296
75,290
75,284
74,278
74,273
73,267
73,261
72,255
72,250
71,244
71,238
70,232
70,227
69,221
69,215
68,209
68,204
67,198
66,192
66,187
65,181
64,175
64,169
63,164
62,158
61,152
60,146
60,141
59,135
58,129
57,123
56,118
55,112
54,106
52,100
51,95
50,89
48,83
47,78
45,72
45,66
43,62
44,69
46,77
47,85
48,92
50,100
51,107
52,115
54,123
55,130
56,138
57,145
58,153
60,161
61,168
62,176
63,183
64,191
86,503
86,497
86,492
85,486
85,480
85,475
84,469
84,463
84,458
84,452
83,446
83,441
83,435
82,429
82,424
82,418
81,412
81,407
81,401
80,395
80,390
80,384
79,378
79,373
79,367
78,361
78,356
78,350
77,344
77,339
77,333
76,327
76,322
75,316
75,310
75,305
74,299
74,293
73,288
73,282
72,276
72,271
71,265
71,259
70,254
70,248
69,242
69,237
68,231
68,225
67,220
67,214
66,208
66,202
65,197
64,191
64,185
63,180
62,174
62,168
61,163
60,157
59,151
59,146
58,140
57,134
56,129
55,123
54,117
53,112
52,106
51,100
49,95
48,89
46,83
45,78
43,72
42,66
41,61
41,64
42,70
44,77
46,84
47,91
49,98
50,104
51,111
53,118
54,125
55,132
56,138
57,145
57,152
58,159
59,166
59,172
87,506
86,500
86,494
86,489
86,483
85,477
85,471
85,466
84,460
84,454
84,449
83,443
83,437
83,432
83,426
82,420
82,414
82,409
81,403
81,397
81,392
80,386
80,380
80,374
79,369
79,363
78,357
78,352
78,346
77,340
77,334
77,329
76,323
76,317
75,312
75,306
74,300
74,295
74,289
73,283
73,277
72,272
72,266
71,260
71,255
70,249
70,243
69,237
69,232
68,226
68,220
67,215
67,209
66,203
65,197
65,192
64,186
63,180
63,175
62,169
61,163
61,158
60,152
59,146
58,140
57,135
57,129
56,123
55,118
54,112
53,106
52,100
50,95
49,89
48,83
46,78
45,72
44,66
42,60
42,55
41,63
43,69
44,75
46,81
47,87
48,92
50,98
51,104
52,110
53,116
54,122
55,127
56,133
56,139
57,145
58,151
87,513
87,507
86,502
86,496
86,490
86,485
85,479
85,473
85,468
84,462
84,456
84,450
84,445
83,439
83,433
83,428
82,422
82,416
82,411
81,405
81,399
81,394
81,388
80,382
80,377
80,371
79,365
79,360
78,354
78,348
78,342
77,337
77,331
77,325
76,320
76,314
75,308
75,303
75,297
74,291
74,286
73,280
73,274
72,269
72,263
72,257
71,251
71,246
70,240
70,234
69,229
69,223
68,217
67,212
67,206
66,200
66,195
65,189
64,183
64,178
63,172
62,166
62,160
61,155
60,149
59,143
58,138
58,132
57,126
56,121
55,115
54,109
52,104
51,98
50,92
49,87
47,81
46,75
44,69
42,64
41,58
41,64
43,70
45,76
46,82
48,88
50,94
51,100
52,107
53,113
55,119
56,125
57,131
57,137
58,144
59,150
86,513
86,507
86,501
86,496
85,490
85,484
85,479
85,473
84,467
84,462
84,456
83,451
83,445
83,439
83,434
82,428
82,422
82,417
81,411
81,405
81,400
80,394
80,388
80,383
79,377
79,371
79,366
78,360
78,354
78,349
77,343
77,337
77,332
76,326
76,320
76,315
75,309
75,303
74,298
74,292
74,286
73,281
73,275
72,269
72,264
71,258
71,252
70,247
70,241
69,235
69,230
68,224
68,218
67,213
67,207
66,201
66,196
65,190
64,184
64,179
63,173
62,167
62,162
61,156
60,150
59,145
58,139
58,133
57,128
56,122
55,116
54,111
53,105
51,100
50,94
49,88
47,83
46,77
44,71
42,66
40,60
37,54
39,64
41,69
43,75
45,81
46,87
48,93
49,99
50,105
52,111
53,117
53,123
54,129
55,135
56,141
86,525
86,519
86,514
86,508
85,502
85,497
85,491
85,485
84,480
84,474
84,468
84,463
83,457
83,451
83,446
83,440
82,434
82,429
82,423
82,417
81,412
81,406
81,400
80,395
80,389
80,383
79,377
79,372
79,366
79,360
78,355
78,349
78,343
77,338
77,332
77,326
76,321
76,315
75,309
75,304
75,298
74,292
74,287
73,281
73,275
73,270
72,264
72,258
71,253
71,247
70,241
70,236
69,230
69,224
68,219
68,213
67,207
67,202
66,196
66,190
65,185
64,179
64,173
63,168
62,162
62,156
61,151
60,145
59,139
58,134
57,128
57,122
56,117
54,111
53,105
52,100
51,94
49,88
48,83
46,77
44,71
41,66
39,60
42,65
44,73
46,80
48,88
50,95
51,103
53,111
54,118
55,126
56,134
57,141
58,149
58,156
85,527
85,522
84,516
84,510
84,505
84,499
83,494
83,488
83,482
83,477
83,471
82,466
82,460
82,454
81,449
81,443
81,438
81,432
80,426
80,421
80,415
80,410
79,404
79,398
79,393
78,387
78,382
78,376
77,370
77,365
77,359
77,354
76,348
76,342
76,337
75,331
75,326
75,320
74,314
74,309
73,303
73,298
73,292
72,286
72,281
71,275
71,270
71,264
70,258
70,253
69,247
69,242
68,236
68,230
67,225
67,219
66,214
66,208
65,202
65,197
64,191
64,186
63,180
62,174
62,169
61,163
60,158
60,152
59,146
58,141
57,135
56,130
55,124
54,118
53,113
52,107
51,102
50,96
48,90
47,85
45,79
43,74
41,68
39,62
43,59
44,66
46,73
47,81
49,88
50,95
51,103
52,110
53,117
54,125
55,132
56,139
87,538
87,532
87,526
87,521
86,515
86,510
86,504
86,498
85,493
85,487
85,481
85,476
84,470
84,465
84,459
84,453
83,448
83,442
83,436
83,431
82,425
82,420
82,414
81,408
81,403
81,397
81,391
80,386
80,380
80,374
79,369
79,363
79,358
78,352
78,346
78,341
77,335
77,329
77,324
76,318
76,313
75,307
75,301
75,296
74,290
74,284
73,279
73,273
73,268
72,262
72,256
71,251
71,245
70,239
70,234
69,228
69,223
68,217
68,211
67,206
67,200
66,194
65,189
65,183
64,178
63,172
63,166
62,161
61,155
60,149
60,144
59,138
58,133
57,127
56,121
55,116
53,110
52,104
51,99
49,93
48,88
46,82
44,76
41,71
38,65
42,64
45,71
47,79
48,86
50,93
51,100
53,107
54,114
54,122
55,129
55,136
86,544
86,539
86,533
86,528
86,522
85,517
85,511
85,506
85,500
84,494
84,489
84,483
84,478
84,472
83,467
83,461
83,456
83,450
82,445
82,439
82,434
82,428
81,423
81,417
81,412
80,406
80,400
80,395
80,389
79,384
79,378
79,373
78,367
78,362
78,356
78,351
77,345
77,340
77,334
76,329
76,323
76,318
75,312
75,306
74,301
74,295
74,290
73,284
73,279
73,273
72,268
72,262
71,257
71,251
70,246
70,240
70,235
69,229
69,224
68,218
68,212
67,207
66,201
66,196
65,190
65,185
64,179
63,174
63,168
62,163
61,157
61,152
60,146
59,141
58,135
57,130
56,124
55,118
54,113
53,107
52,102
50,96
49,91
47,85
45,80
43,74
40,69
43,74
45,80
47,85
49,91
50,96
52,102
53,107
54,113
55,118
87,551
87,545
87,539
87,534
87,528
86,522
86,517
86,511
86,506
85,500
85,494
85,489
85,483
84,478
84,472
84,466
84,461
83,455
83,449
83,444
82,438
82,433
82,427
82,421
81,416
81,410
81,405
80,399
80,393
80,388
79,382
79,376
79,371
78,365
78,360
78,354
77,348
77,343
77,337
76,332
76,326
76,320
75,315
75,309
75,303
74,298
74,292
73,287
73,281
73,275
72,270
72,264
71,259
71,253
70,247
70,242
69,236
69,231
68,225
68,219
67,214
67,208
66,202
66,197
65,191
64,186
64,180
63,174
62,169
62,163
61,158
60,152
59,146
59,141
58,135
57,129
56,124
55,118
54,113
53,107
52,101
50,96
49,90
48,85
46,79
44,73
42,68
41,62
42,68
44,73
46,79
48,85
49,90
50,96
52,101
53,107
91,560
90,554
90,549
90,543
90,537
89,532
89,526
89,520
89,515
88,509
88,503
88,498
88,492
87,487
87,481
87,475
86,470
86,464
86,458
86,453
85,447
85,441
85,436
84,430
84,425
84,419
83,413
83,408
83,402
82,396
82,391
82,385
81,379
81,374
81,368
80,362
80,357
80,351
79,346
79,340
79,334
78,329
78,323
77,317
77,312
77,306
76,300
76,295
75,289
75,283
75,278
74,272
74,267
73,261
73,255
72,250
72,244
71,238
71,233
70,227
70,221
69,216
68,210
68,205
67,199
67,193
66,188
65,182
65,176
64,171
63,165
62,159
62,154
61,148
60,142
59,137
58,131
57,126
56,120
55,114
54,109
53,103
52,97
51,92
49,86
48,80
46,75
45,69
44,63
45,69
46,75
48,80
49,86
51,92
52,97
53,103
90,560
89,555
89,549
89,543
89,538
89,532
88,526
88,521
88,515
87,509
87,504
87,498
87,492
86,487
86,481
86,476
86,470
85,464
85,459
85,453
84,447
84,442
84,436
84,430
83,425
83,419
83,413
82,408
82,402
82,396
81,391
81,385
81,379
80,374
80,368
80,362
79,357
79,351
79,345
78,340
78,334
78,328
77,323
77,317
76,311
76,306
76,300
75,294
75,289
74,283
74,277
73,272
73,266
73,260
72,255
72,249
71,243
71,238
70,232
70,226
69,221
68,215
68,209
67,204
67,198
66,192
66,187
65,181
64,175
64,170
63,164
62,158
61,153
61,147
60,142
59,136
58,130
57,125
56,119
55,113
54,108
53,102
52,96
51,91
49,85
48,79
46,74
45,68
43,62
42,57
43,62
45,68
46,74
48,79
49,85
51,91
90,562
89,557
89,551
89,546
89,541
88,535
88,530
88,524
88,519
88,513
87,508
87,503
87,497
87,492
86,486
86,481
86,475
85,470
85,465
85,459
85,454
84,448
84,443
84,437
84,432
83,427
83,421
83,416
82,410
82,405
82,399
81,394
81,389
81,383
80,378
80,372
80,367
79,361
79,356
79,351
78,345
78,340
78,334
77,329
77,323
77,318
76,313
76,307
75,302
75,296
75,291
74,285
74,280
73,275
73,269
72,264
72,258
71,253
71,247
70,242
70,237
69,231
69,226
68,220
68,215
67,209
67,204
66,199
65,193
65,188
64,182
63,177
63,171
62,166
61,161
60,155
60,150
59,144
58,139
57,133
56,128
55,123
54,117
53,112
51,106
50,101
49,95
47,90
45,85
44,79
43,74
44,79
45,85
47,90
49,95
50,101
88,572
88,566
88,560
87,555
87,549
87,544
87,538
86,532
86,527
86,521
86,516
86,510
85,505
85,499
85,493
85,488
84,482
84,477
84,471
84,465
83,460
83,454
83,449
83,443
82,437
82,432
82,426
82,421
81,415
81,410
81,404
80,398
80,393
80,387
79,382
79,376
79,370
79,365
78,359
78,354
78,348
77,342
77,337
77,331
76,326
76,320
75,315
75,309
75,303
74,298
74,292
74,287
73,281
73,275
72,270
72,264
71,259
71,253
71,247
70,242
70,236
69,231
69,225
68,220
68,214
67,208
67,203
66,197
65,192
65,186
64,180
64,175
63,169
62,164
62,158
61,152
60,147
59,141
58,136
57,130
57,125
56,119
55,113
53,108
52,102
51,97
50,91
48,85
46,80
44,74
42,69
40,63
42,69
44,74
46,80
48,85
91,574
91,569
91,563
90,558
90,552
90,547
90,541
89,536
89,530
89,524
89,519
88,513
88,508
88,502
88,497
87,491
87,485
87,480
87,474
86,469
86,463
86,458
85,452
85,447
85,441
85,435
84,430
84,424
84,419
83,413
83,408
83,402
82,397
82,391
82,385
81,380
81,374
81,369
80,363
80,358
80,352
79,346
79,341
79,335
78,330
78,324
77,319
77,313
77,308
76,302
76,296
75,291
75,285
75,280
74,274
74,269
73,263
73,257
72,252
72,246
71,241
71,235
70,230
70,224
69,219
69,213
68,207
68,202
67,196
66,191
66,185
65,180
64,174
64,169
63,163
62,157
61,152
61,146
60,141
59,135
58,130
57,124
56,118
55,113
54,107
53,102
51,96
50,91
49,85
47,80
45,74
44,68
43,63
44,68
45,74
47,80
90,573
90,567
89,561
89,556
89,550
89,544
88,539
88,533
88,527
88,521
87,516
87,510
87,504
87,499
86,493
86,487
86,481
85,476
85,470
85,464
85,459
84,453
84,447
84,441
83,436
83,430
83,424
82,419
82,413
82,407
82,401
81,396
81,390
81,384
80,379
80,373
79,367
79,361
79,356
78,350
78,344
78,339
77,333
77,327
77,322
76,316
76,310
75,304
75,299
75,293
74,287
74,282
73,276
73,270
72,264
72,259
71,253
71,247
70,242
70,236
69,230
69,224
68,219
68,213
67,207
67,202
66,196
66,190
65,184
64,179
64,173
63,167
62,162
62,156
61,150
60,144
60,139
59,133
58,127
57,122
56,116
55,110
54,104
54,99
52,93
51,87
50,82
49,76
48,70
47,65
45,59
44,53
43,47
43,42
43,47
44,53
91,590
90,585
90,579
90,574
90,568
90,563
89,557
89,552
89,546
89,541
88,535
88,530
88,524
88,518
87,513
87,507
87,502
87,496
86,491
86,485
86,480
86,474
85,469
85,463
85,458
84,452
84,446
84,441
84,435
83,430
83,424
83,419
82,413
82,408
82,402
81,397
81,391
81,386
80,380
80,374
80,369
79,363
79,358
79,352
78,347
78,341
78,336
77,330
77,325
76,319
76,314
76,308
75,302
75,297
74,291
74,286
74,280
73,275
73,269
72,264
72,258
71,253
71,247
70,241
70,236
69,230
69,225
68,219
68,214
67,208
66,203
66,197
65,192
65,186
64,181
63,175
63,169
62,164
61,158
60,153
59,147
59,142
58,136
57,131
56,125
55,120
54,114
53,109
51,103
50,97
49,92
47,86
45,81
44,75
43,70
44,75
90,595
90,589
90,584
90,578
90,572
89,567
89,561
89,556
89,550
88,544
88,539
88,533
88,527
87,522
87,516
87,510
87,505
86,499
86,493
86,488
85,482
85,476
85,471
85,465
84,459
84,454
84,448
84,442
83,437
83,431
83,426
82,420
82,414
82,409
81,403
81,397
81,392
80,386
80,380
80,375
79,369
79,363
79,358
78,352
78,346
78,341
77,335
77,329
77,324
76,318
76,312
75,307
75,301
75,295
74,290
74,284
73,279
73,273
72,267
72,262
72,256
71,250
71,245
70,239
70,233
69,228
69,222
68,216
67,211
67,205
66,199
66,194
65,188
64,182
64,177
63,171
62,165
62,160
61,154
60,149
59,143
59,137
58,132
57,126
56,120
55,115
54,109
53,103
52,98
51,92
49,86
48,81
46,75
45,69
44,64
43,58
